{"cameraMode":{"drawMode":0,"name":"Shaded","section":"Shading Mode"},"sceneLighting":true,"audioPlay":false,"sceneViewState":{"showFog":true,"showMaterialUpdate":false,"showSkybox":true,"showFlares":true,"showImageEffects":true,"showParticleSystems":true},"in2DMode":false,"pivot":{"x":-213.753662109375,"y":109.08602142333985,"z":949.377197265625},"rotation":{"x":0.005997588392347097,"y":-0.029514310881495477,"z":-0.00016824182239361107,"w":-0.9995675086975098},"size":1579.5,"orthographic":false}